{
  "store_result_to_db_task": {
    "last_duration": 0.16813206672668457,
    "total_tasks": 20,
    "start_time": 1748935341.8383107
  },
  "extract_contact_info_task": {
    "start_time": 1748935340.8035526,
    "last_duration": 1.1372392177581787,
    "total_tasks": 5
  },
  "transcribe_audio_file_task": {
    "last_duration": 0.00019097328186035156,
    "total_tasks": 3
  },
  "classify_and_summarize_grievance_task": {
    "start_time": 1748935341.0761232,
    "failed_tasks": 1
  },
  "accessible_file_upload": {
    "start_time": 1748935347.5055501
  },
  "process_batch_files_task": {
    "start_time": 1748935347.6235125,
    "last_duration": 0.06486034393310547,
    "total_tasks": 1
  },
  "process_file_upload_task": {
    "start_time": 1748935347.743062,
    "last_duration": 0.16948914527893066,
    "total_tasks": 1
  },
  "process_file_upload": {
    "start_time": 1748935347.887914
  }
}