{
  "transcribe_audio_file_task": {
    "start_time": 1748974946.036004,
    "last_duration": 9.963776111602783,
    "total_tasks": 12
  },
  "extract_contact_info_task": {
    "start_time": 1748974956.0822837,
    "last_duration": 0.9240140914916992,
    "total_tasks": 10
  },
  "classify_and_summarize_grievance_task": {
    "start_time": 1748974954.4524674,
    "last_duration": 2.509270429611206,
    "total_tasks": 2
  },
  "generate_ids": {
    "start_time": 1748974915.1325862,
    "last_duration": 0.0014526844024658203,
    "total_tasks": 1
  },
  "submit_grievance": {
    "start_time": 1748974945.1451526,
    "last_duration": 0.5488491058349609,
    "total_tasks": 1
  }
}