{
  "submit_grievance": {
    "start_time": 1748241919.183167,
    "last_duration": 0.20199084281921387,
    "total_tasks": 1
  },
  "accessible_file_upload": {
    "start_time": 1748241931.7141206
  }
}