{
  "transcribe_audio_file_task": {
    "start_time": 1749645473.2439466,
    "last_duration": 316.13216066360474,
    "total_tasks": 17
  },
  "extract_contact_info_task": {
    "start_time": 1749645789.3890803,
    "last_duration": 1.1083860397338867,
    "total_tasks": 14
  },
  "classify_and_summarize_grievance_task": {
    "start_time": 1749645475.657853,
    "failed_tasks": 3
  },
  "translate_grievance_to_english_task": {
    "failed_tasks": 3
  },
  "generate_ids": {
    "start_time": 1749721703.2740173,
    "last_duration": 0.0018138885498046875,
    "total_tasks": 6
  },
  "submit_grievance": {
    "start_time": 1749645472.9787226,
    "last_duration": 0.37825965881347656,
    "total_tasks": 1
  },
  "wrapper": {
    "start_time": 1749626566.6329687,
    "last_duration": 0.019590377807617188,
    "total_tasks": 1
  }
}