{
  "transcribe_audio_file_task": {
    "start_time": 1749472587.0664165,
    "last_duration": 11.361649990081787,
    "total_tasks": 5
  },
  "extract_contact_info_task": {
    "start_time": 1749472591.916119,
    "last_duration": 1.6550638675689697,
    "total_tasks": 4
  },
  "classify_and_summarize_grievance_task": {
    "start_time": 1749472598.445302,
    "failed_tasks": 1
  },
  "translate_grievance_to_english_task": {
    "failed_tasks": 1
  },
  "accessible_file_upload": {
    "start_time": 1749472606.9084735
  },
  "upload_files": {
    "start_time": 1749545425.8612678
  },
  "get_file_metadata": {
    "start_time": 1749545425.865566,
    "last_duration": 0.0012784004211425781,
    "total_tasks": 13
  },
  "process_file_upload_task": {
    "start_time": 1749545425.885168,
    "failed_tasks": 1,
    "last_duration": 0.019533634185791016,
    "total_tasks": 9
  },
  "process_file_upload": {
    "start_time": 1749545425.8876705
  },
  "generate_ids": {
    "start_time": 1749544641.4523847,
    "last_duration": 0.0017642974853515625,
    "total_tasks": 2
  }
}