{
  "submit_grievance": {
    "start_time": 1747639336.4819674,
    "failed_tasks": 4,
    "last_duration": 0.28670382499694824,
    "total_tasks": 11
  },
  "orchestrate_voice_processing": {
    "failed_tasks": 2
  },
  "transcribe_audio_file_task": {
    "start_time": 1747748785.1965122,
    "failed_tasks": 63,
    "retry_failures": 9,
    "last_duration": 4868.184021949768,
    "total_tasks": 2
  },
  "accessible_file_upload": {
    "start_time": 1747639348.828742,
    "last_duration": 0.0580592155456543,
    "total_tasks": 8
  },
  "process_batch_files": {
    "start_time": 1747641185.1211972,
    "failed_tasks": 2
  },
  "unknown_task": {
    "failed_tasks": 19,
    "last_duration": 0.00020074844360351562,
    "total_tasks": 1
  }
}