{
  "transcribe_audio_file_task": {
    "start_time": 1749311580.218657,
    "last_duration": 3.0143818855285645,
    "total_tasks": 20
  },
  "submit_grievance": {
    "last_duration": 0.36632800102233887,
    "total_tasks": 4,
    "start_time": 1749311579.856256
  },
  "extract_contact_info_task": {
    "start_time": 1749311583.2533035,
    "last_duration": 4.705291748046875,
    "total_tasks": 12,
    "failed_tasks": 4
  },
  "classify_and_summarize_grievance_task": {
    "start_time": 1749311581.7325912,
    "last_duration": 1.9663519859313965,
    "total_tasks": 3,
    "failed_tasks": 1
  },
  "translate_grievance_to_english_task": {
    "start_time": 1749311583.7165384,
    "failed_tasks": 4
  },
  "generate_ids": {
    "start_time": 1749311556.459977,
    "last_duration": 0.002140522003173828,
    "total_tasks": 6
  }
}