{
  "classify_and_summarize_grievance_task": {
    "start_time": 1773181970.5981867
  },
  "operation_failed": {
    "failed_tasks": 105
  },
  "test_db": {
    "start_time": 1772416570.0020142,
    "failed_tasks": 4
  },
  "generate_ids": {
    "start_time": 1772416570.021939,
    "failed_tasks": 2
  },
  "upload_files": {
    "start_time": 1773019984.194592,
    "failed_tasks": 2
  },
  "get_file_metadata": {
    "start_time": 1773019984.1971884
  },
  "get_files_or_file": {
    "start_time": 1772416570.05991
  },
  "download_file": {
    "start_time": 1772416570.072898,
    "failed_tasks": 1
  },
  "get_file_status": {
    "start_time": 1773019986.467596,
    "failed_tasks": 2
  },
  "get_grievance_review": {
    "start_time": 1772416570.099968,
    "failed_tasks": 4
  },
  "update_grievance_review": {
    "start_time": 1772416570.1057034,
    "failed_tasks": 4
  },
  "process_file_upload_task": {
    "start_time": 1773019984.2441592,
    "failed_tasks": 2
  },
  "send_email_task": {
    "start_time": 1773047218.8306777
  }
}