{
  "submit_grievance": {
    "start_time": 1747639336.4819674,
    "failed_tasks": 4,
    "last_duration": 0.28670382499694824,
    "total_tasks": 11
  },
  "orchestrate_voice_processing": {
    "failed_tasks": 2
  },
  "transcribe_audio_file_task": {
    "start_time": 1748012640.2973862,
    "failed_tasks": 120,
    "retry_failures": 9,
    "last_duration": 4.859518766403198,
    "total_tasks": 34
  },
  "accessible_file_upload": {
    "start_time": 1747639348.828742,
    "last_duration": 0.0580592155456543,
    "total_tasks": 8
  },
  "process_batch_files": {
    "start_time": 1747641185.1211972,
    "failed_tasks": 2
  },
  "unknown_task": {
    "failed_tasks": 26,
    "last_duration": 0.00020074844360351562,
    "total_tasks": 1
  },
  "classify_and_summarize_grievance_task": {
    "start_time": 1748012645.2853281,
    "failed_tasks": 6,
    "last_duration": 2.7626447677612305,
    "total_tasks": 3
  }
}