{
  "process_batch_files_task": {
    "last_duration": 0.00016164779663085938,
    "total_tasks": 1
  },
  "process_file_upload_task": {
    "start_time": 1748439002.7056847,
    "last_duration": 0.05166268348693848,
    "total_tasks": 2
  },
  "process_file_upload": {
    "start_time": 1748439002.7115498
  }
}