{
  "cleanup_old_files": {
    "start_time": 1746690788.2292855,
    "last_duration": 1.4249792098999023,
    "total_tasks": 3
  },
  "process_file_upload": {
    "start_time": 1746691228.5452216,
    "last_duration": 2.5412628650665283,
    "total_tasks": 3
  }
}